id,title,description,availability,inventory,condition,price,sale_price,link,image_link,brand,item_group_id,product_type,google_product_category
508911225332,"Josephine Red - 2 шт","От искристых нот Бургундии до бархатистого шёпота Бордо — этот бокал дарит вину возможность явить свою истинную душу.","in stock",999,new,"25,000.00 RUB",,https://bokalwina.ru/josephine_red?editionuid=508911225332,https://static.tildacdn.com/stor3063-6363-4634-a132-313638336161/57978963.png,bokalwina.ru,714101381102,Josephine,
893788606282,"Josephine Red - 6 шт (набор)","От искристых нот Бургундии до бархатистого шёпота Бордо — этот бокал дарит вину возможность явить свою истинную душу.","in stock",999,new,"73,000.00 RUB",,https://bokalwina.ru/josephine_red?editionuid=893788606282,https://static.tildacdn.com/stor3063-6363-4634-a132-313638336161/57978963.png,bokalwina.ru,714101381102,Josephine,
979836650502,"Josephine Universal - 2 шт","В этом бокале оживает душа напитка — белые вина сияют свежестью, красные обретают мощь, а пиво раскрывает всю палитру зерновых и хмелевых оттенков. Совершенство в каждой детали.","in stock",999,new,"25,000.00 RUB",,https://bokalwina.ru/josephine_universal?editionuid=979836650502,https://static.tildacdn.com/stor3239-3663-4537-b834-393265323466/30442593.png,bokalwina.ru,638379438752,Josephine,
428292123152,"Josephine Universal - 6 шт (набор)","В этом бокале оживает душа напитка — белые вина сияют свежестью, красные обретают мощь, а пиво раскрывает всю палитру зерновых и хмелевых оттенков. Совершенство в каждой детали.","in stock",999,new,"73,000.00 RUB",,https://bokalwina.ru/josephine_universal?editionuid=428292123152,https://static.tildacdn.com/stor3239-3663-4537-b834-393265323466/30442593.png,bokalwina.ru,638379438752,Josephine,
556339985492,"Josephine Champagne - 2 шт","Философия игристого в одном бокале: от строгого брют до фруктового проксеко — все ноты на своих местах.","in stock",999,new,"25,000.00 RUB",,https://bokalwina.ru/josephine_champagne?editionuid=556339985492,https://static.tildacdn.com/stor3735-3732-4237-a661-313135616333/99762980.png,bokalwina.ru,592501182472,Josephine,
777726995172,"Josephine Champagne - 6 шт (набор)","Философия игристого в одном бокале: от строгого брют до фруктового проксеко — все ноты на своих местах.","in stock",999,new,"73,000.00 RUB",,https://bokalwina.ru/josephine_champagne?editionuid=777726995172,https://static.tildacdn.com/stor3735-3732-4237-a661-313135616333/99762980.png,bokalwina.ru,592501182472,Josephine,
483354927962,"Josephine White - 2 шт","Хрустальный лепесток для лёгких вин — в нём зреет абрикосовая нежность розе, дрожит крыло совиньона, а каждый глоток становится шёпотом летнего ветра.","in stock",999,new,"25,000.00 RUB",,https://bokalwina.ru/josephine_white?editionuid=483354927962,https://static.tildacdn.com/stor6265-3161-4634-b631-373862313630/40957329.png,bokalwina.ru,875162442932,Josephine,
684089636042,"Josephine White - 6 шт (набор)","Хрустальный лепесток для лёгких вин — в нём зреет абрикосовая нежность розе, дрожит крыло совиньона, а каждый глоток становится шёпотом летнего ветра.","in stock",999,new,"73,000.00 RUB",,https://bokalwina.ru/josephine_white?editionuid=684089636042,https://static.tildacdn.com/stor6265-3161-4634-b631-373862313630/40957329.png,bokalwina.ru,875162442932,Josephine,
288887332762,"Josephine Water - 2 шт","Стеклянное дыхание: невидимое, пока не встретится с водой","in stock",999,new,"15,500.00 RUB",,https://bokalwina.ru/josephine_water?editionuid=288887332762,https://static.tildacdn.com/stor3464-3332-4539-b835-633932663833/21007950.png,bokalwina.ru,638530115752,Josephine,
298459798632,"Josephine Water - 6 шт (набор)","Стеклянное дыхание: невидимое, пока не встретится с водой","in stock",999,new,"45,000.00 RUB",,https://bokalwina.ru/josephine_water?editionuid=298459798632,https://static.tildacdn.com/stor3464-3332-4539-b835-633932663833/21007950.png,bokalwina.ru,638530115752,Josephine,
502371165022,"Zalto White wine - 2 шт","Белый и розовый танецОдин бокал - два настроения.Фруктовая нежность и прозрачная невинность в идеальном дуэте.","in stock",999,new,"13,500.00 RUB",,https://bokalwina.ru/zalto_white_wine?editionuid=502371165022,https://static.tildacdn.com/stor3761-3536-4161-a430-613038643734/d8f705747650a461c61e61673c8cd18e.jpg,bokalwina.ru,365984786872,Zalto,
192440736212,"Zalto White wine - 6 шт (набор)","Белый и розовый танецОдин бокал - два настроения.Фруктовая нежность и прозрачная невинность в идеальном дуэте.","in stock",999,new,"39,000.00 RUB","38,000.00 RUB",https://bokalwina.ru/zalto_white_wine?editionuid=192440736212,https://static.tildacdn.com/stor3761-3536-4161-a430-613038643734/d8f705747650a461c61e61673c8cd18e.jpg,bokalwina.ru,365984786872,Zalto,
280173349382,"Zalto Bourgogne - 2 шт","Для вин с темпераментомСила. Страсть. Послевкусие.","in stock",999,new,"15,400.00 RUB","15,000.00 RUB",https://bokalwina.ru/zalto_bourgogne?editionuid=280173349382,https://static.tildacdn.com/stor3937-3961-4530-a338-633131373532/f9519933a21067dbd7c7965bc5ae5c2c.jpg,bokalwina.ru,527770668042,Zalto,
241560664862,"Zalto Bourgogne - 6 шт (набор)","Для вин с темпераментомСила. Страсть. Послевкусие.","in stock",999,new,"43,600.00 RUB",,https://bokalwina.ru/zalto_bourgogne?editionuid=241560664862,https://static.tildacdn.com/stor3937-3961-4530-a338-633131373532/f9519933a21067dbd7c7965bc5ae5c2c.jpg,bokalwina.ru,527770668042,Zalto,
959363777902,"Zalto ﻿Champagne - 2 шт","Бокалы-певцыВ них шампанское поёт хрустальными трелями пузырьков. Для праздников, что сами себя создают.","in stock",999,new,"14,200.00 RUB","13,500.00 RUB",https://bokalwina.ru/zalto_champagne?editionuid=959363777902,https://static.tildacdn.com/stor3632-3634-4231-b135-383439366431/cd75c0017e00810763e58b6e9dc07126.png,bokalwina.ru,509840809972,Zalto,
400744471592,"Zalto ﻿Champagne - 6 шт (набор)","Бокалы-певцыВ них шампанское поёт хрустальными трелями пузырьков. Для праздников, что сами себя создают.","in stock",999,new,"39,500.00 RUB",,https://bokalwina.ru/zalto_champagne?editionuid=400744471592,https://static.tildacdn.com/stor3632-3634-4231-b135-383439366431/cd75c0017e00810763e58b6e9dc07126.png,bokalwina.ru,509840809972,Zalto,
450363322242,"Zalto ﻿Bordeaux - 2 шт","Где терпкость cтановится искусством.Для вин, что кусаются, но любят нежно.","in stock",999,new,"14,500.00 RUB",,https://bokalwina.ru/zalto_bordeaux?editionuid=450363322242,https://static.tildacdn.com/stor3763-3564-4538-a662-396637326135/def5346be2f90636779162959c5cd31b.png,bokalwina.ru,954310727422,Zalto,
789706071012,"Zalto ﻿Bordeaux - 6 шт (набор)","Где терпкость cтановится искусством.Для вин, что кусаются, но любят нежно.","in stock",999,new,"42,600.00 RUB",,https://bokalwina.ru/zalto_bordeaux?editionuid=789706071012,https://static.tildacdn.com/stor3763-3564-4538-a662-396637326135/def5346be2f90636779162959c5cd31b.png,bokalwina.ru,954310727422,Zalto,
419749122122,"Zalto ﻿Universal - 2 шт","Бокал-философДля вин, где крепость — лишь фон для тонкой игры земли и минералов. В нём Шардоне зазвучит многоголосьем, а австрийский Грюнер Вельтлинер раскроет всю свою смарагдовую глубину. Чистота ручной работы — для чистоты вкусовых ощущений.","in stock",999,new,"15,300.00 RUB","14,300.00 RUB",https://bokalwina.ru/zalto_universal?editionuid=419749122122,https://static.tildacdn.com/stor3031-3937-4332-b439-663666343934/5250231addbbd412f9baef6dd0b60476.jpg,bokalwina.ru,990342995072,Zalto,
836679915592,"Zalto ﻿Universal - 6 шт (набор)","Бокал-философДля вин, где крепость — лишь фон для тонкой игры земли и минералов. В нём Шардоне зазвучит многоголосьем, а австрийский Грюнер Вельтлинер раскроет всю свою смарагдовую глубину. Чистота ручной работы — для чистоты вкусовых ощущений.","in stock",999,new,"42,500.00 RUB","41,500.00 RUB",https://bokalwina.ru/zalto_universal?editionuid=836679915592,https://static.tildacdn.com/stor3031-3937-4332-b439-663666343934/5250231addbbd412f9baef6dd0b60476.jpg,bokalwina.ru,990342995072,Zalto,
140831781102,"Omega Gravitas - 2 шт","Бокал для винных хулигановНаклон — как вызов.Форма — как искушение.Вина раскрываются мгновенно, как признание в любви.","in stock",999,new,"16,000.00 RUB",,https://bokalwina.ru/omega_gravitas?editionuid=140831781102,https://static.tildacdn.com/stor3837-3865-4138-b930-653139313166/a33c748ee3ad9e5ed7bf8b750ca01d53.png,bokalwina.ru,850661765372,Zalto,
953127360392,"Omega Gravitas - 6 шт (набор)","Бокал для винных хулигановНаклон — как вызов.Форма — как искушение.Вина раскрываются мгновенно, как признание в любви.","in stock",999,new,"44,000.00 RUB",,https://bokalwina.ru/omega_gravitas?editionuid=953127360392,https://static.tildacdn.com/stor3837-3865-4138-b930-653139313166/a33c748ee3ad9e5ed7bf8b750ca01d53.png,bokalwina.ru,850661765372,Zalto,
463729172442,"Sweet Wine - 2 шт","Бокал-аккомпаниатор для сладких симфонийВ нём оживают медовые ноты Сотерна, переливаются тёплые обертоны Порто, раскрывается вся глубина выдержанного сингл молта. Форма, созданная для гармонии — когда сладость становится изысканной, а крепость — утончённой.","in stock",999,new,"13,500.00 RUB",,https://bokalwina.ru/sweet_wine?editionuid=463729172442,https://static.tildacdn.com/stor3065-3630-4361-a233-393762653862/7ab8e392258a2665af63f1190ddaf588.png,bokalwina.ru,164662729772,Zalto,
918646644372,"Sweet Wine - 6 шт (набор)","Бокал-аккомпаниатор для сладких симфонийВ нём оживают медовые ноты Сотерна, переливаются тёплые обертоны Порто, раскрывается вся глубина выдержанного сингл молта. Форма, созданная для гармонии — когда сладость становится изысканной, а крепость — утончённой.","in stock",999,new,"38,500.00 RUB",,https://bokalwina.ru/sweet_wine?editionuid=918646644372,https://static.tildacdn.com/stor3065-3630-4361-a233-393762653862/7ab8e392258a2665af63f1190ddaf588.png,bokalwina.ru,164662729772,Zalto,
741074917812,"Digestif - 2 шт","Для изящных и элегантных ликеров и дистиллятов. Идеально раскрывает вкусовые качества и подчеркивает фруктовые нотки аромата напитка. Рекомендовано для: фруктовых дистиллятов, граппы, сладких и горьких ликеров.Объем: 160 млВысота: 210 мм","in stock",999,new,"11,200.00 RUB",,https://bokalwina.ru/sweet_digestif?editionuid=741074917812,https://static.tildacdn.com/stor3433-3931-4632-a631-353066316139/657d6567f2c9f4107debef9bc4975276.jpg,bokalwina.ru,896124940692,Zalto,
824298534552,"Digestif - 6 шт (набор)","Для изящных и элегантных ликеров и дистиллятов. Идеально раскрывает вкусовые качества и подчеркивает фруктовые нотки аромата напитка. Рекомендовано для: фруктовых дистиллятов, граппы, сладких и горьких ликеров.Объем: 160 млВысота: 210 мм","in stock",999,new,"34,000.00 RUB",,https://bokalwina.ru/sweet_digestif?editionuid=824298534552,https://static.tildacdn.com/stor3433-3931-4632-a631-353066316139/657d6567f2c9f4107debef9bc4975276.jpg,bokalwina.ru,896124940692,Zalto,
654964483772,"Zalto Coupe Crystal Clear и Coupe Effect - 2 шт","Бокал-акварельСквозь его грани свет рисует узоры, вода обретает благородство, а обычный обед — черты церемонии.Легкий, как дыхание, но запоминающийся, как искусство.","in stock",999,new,"11,000.00 RUB",,https://bokalwina.ru/zalto_effect?editionuid=654964483772,https://static.tildacdn.com/stor3231-3937-4437-b334-333637663837/ba66a712b75b0f6f1c28ebe1ef523e69.png,bokalwina.ru,977087192392,Zalto,
100833271212,"Zalto Coupe Crystal Clear и Coupe Effect - 6 шт (набор)","Бокал-акварельСквозь его грани свет рисует узоры, вода обретает благородство, а обычный обед — черты церемонии.Легкий, как дыхание, но запоминающийся, как искусство.","in stock",999,new,"31,000.00 RUB",,https://bokalwina.ru/zalto_effect?editionuid=100833271212,https://static.tildacdn.com/stor3231-3937-4437-b334-333637663837/ba66a712b75b0f6f1c28ebe1ef523e69.png,bokalwina.ru,977087192392,Zalto,
135070442662,"Zalto Water - 2 шт","Бокал-дипломатМежду водой и вином, между пивом и соком — он находит слова, когда другие молчат.","in stock",999,new,"14,100.00 RUB",,https://bokalwina.ru/zalto_water?editionuid=135070442662,https://static.tildacdn.com/stor3864-3438-4134-a362-643165346261/378d8578917c2ffdd19ee48f7c491fb4.png,bokalwina.ru,949028751662,Zalto,
679619639132,"Zalto Water - 6 шт (набор)","Бокал-дипломатМежду водой и вином, между пивом и соком — он находит слова, когда другие молчат.","in stock",999,new,"41,000.00 RUB",,https://bokalwina.ru/zalto_water?editionuid=679619639132,https://static.tildacdn.com/stor3864-3438-4134-a362-643165346261/378d8578917c2ffdd19ee48f7c491fb4.png,bokalwina.ru,949028751662,Zalto,
802696031492,"Zalto Beer - 2 шт","Хмельная грацияПена — как облако.Вкус — как откровение.Форма — как признание в любви к пиву.","in stock",999,new,"14,500.00 RUB",,https://bokalwina.ru/zalto_beer?editionuid=802696031492,https://static.tildacdn.com/stor6661-6164-4639-b937-356262356462/060c0d5283aff8d7cd68c497176b6ded.jpg,bokalwina.ru,310740871412,Zalto,
912473997492,"Zalto Beer - 6 шт (набор)","Хмельная грацияПена — как облако.Вкус — как откровение.Форма — как признание в любви к пиву.","in stock",999,new,"43,500.00 RUB",,https://bokalwina.ru/zalto_beer?editionuid=912473997492,https://static.tildacdn.com/stor6661-6164-4639-b937-356262356462/060c0d5283aff8d7cd68c497176b6ded.jpg,bokalwina.ru,310740871412,Zalto,
176000530872,"Zalto Axium Decanter","Дыхание винаДекантировать - значит любить неторопливо.","in stock",999,new,"16,500.00 RUB",,https://bokalwina.ru/zalto_axium_decanter,https://static.tildacdn.com/stor6437-3365-4734-b034-373437343065/2a2a573403effa17d27016f2d2e8f368.png,bokalwina.ru,176000530872,Zalto,
618670246672,"Zalto Mystique Decanter","Декантер для мощных винГде бордо дышит, как спящий лев, а бароло просыпается после долгого сна.Объёмные плечи дают простор глубоким ароматам — пусть танины смягчаются, а характер остаётся.","in stock",999,new,"17,700.00 RUB",,https://bokalwina.ru/zalto_mystique_decanter,https://static.tildacdn.com/stor3035-3432-4834-a636-633630386364/98119f4c277c0abe8560aee6d0138852.png,bokalwina.ru,618670246672,Zalto,
718967834262,"Zalto Графин - 250мл","Для крепких характеров, достойных изящного обрамления.","in stock",999,new,"10,500.00 RUB",,https://bokalwina.ru/zalto_grafin?editionuid=718967834262,https://static.tildacdn.com/stor3661-3835-4563-b432-363664313833/21b56a00ca27b2d0a3b60058603b2aad.jpg,bokalwina.ru,353759078822,Zalto,
229661569772,"Zalto Графин - 750мл","Для крепких характеров, достойных изящного обрамления.","in stock",999,new,"15,000.00 RUB",,https://bokalwina.ru/zalto_grafin?editionuid=229661569772,https://static.tildacdn.com/stor3661-3835-4563-b432-363664313833/21b56a00ca27b2d0a3b60058603b2aad.jpg,bokalwina.ru,353759078822,Zalto,
585774495422,"Zalto Графин - 1500мл","Для крепких характеров, достойных изящного обрамления.","in stock",999,new,"17,000.00 RUB",,https://bokalwina.ru/zalto_grafin?editionuid=585774495422,https://static.tildacdn.com/stor3661-3835-4563-b432-363664313833/21b56a00ca27b2d0a3b60058603b2aad.jpg,bokalwina.ru,353759078822,Zalto,
937619297952,"Lehmann Signature Jamesse - Synergie - 2 шт","Создан совместно с Филиппом Джамессе (Philippe Jamеsse), шеф-поваром в замке Michelin Domaine Les Crayeres.","in stock",999,new,"17,500.00 RUB","17,000.00 RUB",https://bokalwina.ru/lehmann_signature_jamesse_synergie?editionuid=937619297952,https://static.tildacdn.com/stor6663-3564-4233-b035-353064303032/43369847.png,bokalwina.ru,902848775522,"Все\ бокалы",
813281347282,"Lehmann Signature Jamesse - Synergie - 6 шт (набор)","Создан совместно с Филиппом Джамессе (Philippe Jamеsse), шеф-поваром в замке Michelin Domaine Les Crayeres.","in stock",999,new,"40,000.00 RUB","38,500.00 RUB",https://bokalwina.ru/lehmann_signature_jamesse_synergie?editionuid=813281347282,https://static.tildacdn.com/stor6663-3564-4233-b035-353064303032/43369847.png,bokalwina.ru,902848775522,"Все\ бокалы",
462499441392,"Lehmann Signature A. Lallement № 4 - 43 - 2 шт","Ультралегкий бокал изящной формы, который позволяет раскрыть самые тонкие оттенки аромата и подчеркивает восхитительную свежесть вкуса.","in stock",999,new,"17,500.00 RUB","17,000.00 RUB",https://bokalwina.ru/lehmann_signature_lallement-4-43?editionuid=462499441392,https://static.tildacdn.com/stor3839-6534-4337-b135-636537613438/27657973.png,bokalwina.ru,687173601292,"Все\ бокалы",
154030794742,"Lehmann Signature A. Lallement № 4 - 43 - 6 шт (набор)","Ультралегкий бокал изящной формы, который позволяет раскрыть самые тонкие оттенки аромата и подчеркивает восхитительную свежесть вкуса.","in stock",999,new,"40,000.00 RUB","38,500.00 RUB",https://bokalwina.ru/lehmann_signature_lallement-4-43?editionuid=154030794742,https://static.tildacdn.com/stor3839-6534-4337-b135-636537613438/27657973.png,bokalwina.ru,687173601292,"Все\ бокалы",
475354250852,"Lehmann Signature Lallement №1 -77 - 2 шт","Ультралегкий бокал для вина ручной работы создан по дизайну трехзвездочного мишленовского шефа и ресторатора Арнауда Лаллемент (Arnaud Lallement.)","in stock",999,new,"17,500.00 RUB","17,000.00 RUB",https://bokalwina.ru/lehmann_lallement-1-77?editionuid=475354250852,https://static.tildacdn.com/stor6636-6565-4332-a263-656432366331/82570394.png,bokalwina.ru,395933772702,"Все\ бокалы",
452676685202,"Lehmann Signature Lallement №1 -77 - 6 шт (набор)","Ультралегкий бокал для вина ручной работы создан по дизайну трехзвездочного мишленовского шефа и ресторатора Арнауда Лаллемент (Arnaud Lallement.)","in stock",999,new,"40,000.00 RUB","38,500.00 RUB",https://bokalwina.ru/lehmann_lallement-1-77?editionuid=452676685202,https://static.tildacdn.com/stor6636-6565-4332-a263-656432366331/82570394.png,bokalwina.ru,395933772702,"Все\ бокалы",
319996354422,"Lehmann Signature P. Jamesse Grand Blanc - 2 шт","Элегантная и объемная чаша, раскрытая как бутон. соблазнительное сужение которой манит и искушает вас.","in stock",999,new,"17,500.00 RUB","17,000.00 RUB",https://bokalwina.ru/lehmann_signature_jamesse_grand_blanc?editionuid=319996354422,https://static.tildacdn.com/stor3166-6262-4133-a362-363230316637/13477927.png,bokalwina.ru,307845165952,"Все\ бокалы",
355906712752,"Lehmann Signature P. Jamesse Grand Blanc - 6 шт (набор)","Элегантная и объемная чаша, раскрытая как бутон. соблазнительное сужение которой манит и искушает вас.","in stock",999,new,"40,000.00 RUB","38,500.00 RUB",https://bokalwina.ru/lehmann_signature_jamesse_grand_blanc?editionuid=355906712752,https://static.tildacdn.com/stor3166-6262-4133-a362-363230316637/13477927.png,bokalwina.ru,307845165952,"Все\ бокалы",
688919914102,"Lehmann Signature Ultra Light Ariane 88 - 2 шт","Чистые и точные изгибы бокала тонко подчеркивают ароматическое благородство вин Гран Крю.","in stock",999,new,"17,500.00 RUB","17,000.00 RUB",https://bokalwina.ru/lehmann_signature_ultra_light_ariane-88?editionuid=688919914102,https://static.tildacdn.com/stor6338-3363-4166-b764-396436313537/13061689.png,bokalwina.ru,763248758072,"Все\ бокалы",
216175109632,"Lehmann Signature Ultra Light Ariane 88 - 6 шт (набор)","Чистые и точные изгибы бокала тонко подчеркивают ароматическое благородство вин Гран Крю.","in stock",999,new,"40,000.00 RUB","38,500.00 RUB",https://bokalwina.ru/lehmann_signature_ultra_light_ariane-88?editionuid=216175109632,https://static.tildacdn.com/stor6338-3363-4166-b764-396436313537/13061689.png,bokalwina.ru,763248758072,"Все\ бокалы",
951557486302,"Lehmann Montreal 17 cl из коллекции F.Thhireau - 6 шт (набор)","Экстравагантный и в тоже время элегантный бокал для коктейлей без льда и для шампанского","in stock",999,new,"19,800.00 RUB","18,800.00 RUB",https://bokalwina.ru/tproduct/2233332781-442551620142-lehmann-montreal-17-cl-iz-kollektsii-fth?editionuid=951557486302,https://static.tildacdn.com/stor3766-3831-4134-b965-663334666136/51072157.png,bokalwina.ru,442551620142,"Все\ бокалы",
643450209392,"Markthomas Double Bend Red Burgundy - 2 шт","Подходит для выразительных, многосложных красных вин из сортов Grenache, Pinot Noir, Nebbiolo, Mourvedre","in stock",999,new,"18,900.00 RUB",,https://bokalwina.ru/markthomas_double_bend_red_burgundy?editionuid=643450209392,https://static.tildacdn.com/stor3833-3933-4363-b735-636564663634/63177333.png,bokalwina.ru,456997173942,"Все\ бокалы",
550460179692,"Markthomas Double Bend Red Burgundy - 6 шт (набор)","Подходит для выразительных, многосложных красных вин из сортов Grenache, Pinot Noir, Nebbiolo, Mourvedre","in stock",999,new,"53,480.00 RUB",,https://bokalwina.ru/markthomas_double_bend_red_burgundy?editionuid=550460179692,https://static.tildacdn.com/stor3833-3933-4363-b735-636564663634/63177333.png,bokalwina.ru,456997173942,"Все\ бокалы",
750604635902,"Markthomas Double Bend Decanter Magnum","Подходит для выразительных, многосложных красных вин из сортов Grenache, Pinot Noir, Nebbiolo, Mourvedre","in stock",999,new,"29,280.00 RUB",,https://bokalwina.ru/markthomas_double_bend_decanter,https://static.tildacdn.com/stor3532-3764-4635-b538-653338343161/86601321.png,bokalwina.ru,750604635902,"Все\ бокалы",
999266905312,"Markthomas Double Bend Champagne - 2 шт","Предназначен для наслаждения игристым вином – но создан специально для шампанского","in stock",999,new,"17,230.00 RUB",,https://bokalwina.ru/markthomas_double_bend_champagne?editionuid=999266905312,https://static.tildacdn.com/stor6565-3630-4730-b862-323361353335/26785772.png,bokalwina.ru,618005197582,"Все\ бокалы",
453048787652,"Markthomas Double Bend Champagne - 6 шт (набор)","Предназначен для наслаждения игристым вином – но создан специально для шампанского","in stock",999,new,"49,660.00 RUB",,https://bokalwina.ru/markthomas_double_bend_champagne?editionuid=453048787652,https://static.tildacdn.com/stor6565-3630-4730-b862-323361353335/26785772.png,bokalwina.ru,618005197582,"Все\ бокалы",
384341691922,"Markthomas Double Bend Allround - 2 шт","Подходит для всех красных и белых вин средней категории","in stock",999,new,"17,230.00 RUB",,https://bokalwina.ru/markthomas_double_bend_allround?editionuid=384341691922,https://static.tildacdn.com/stor3761-3462-4538-a565-643434643861/90749516.png,bokalwina.ru,106261828232,"Все\ бокалы",
293218585912,"Markthomas Double Bend Allround - 6 шт (набор)","Подходит для всех красных и белых вин средней категории","in stock",999,new,"49,660.00 RUB",,https://bokalwina.ru/markthomas_double_bend_allround?editionuid=293218585912,https://static.tildacdn.com/stor3761-3462-4538-a565-643434643861/90749516.png,bokalwina.ru,106261828232,"Все\ бокалы",
479848341942,"Markthomas Double Bend Tumbler - 2 шт","Бокал MarkThomas Double Bend Tumbler Он с одинаковым изяществом подходит для благородного виски и бурбона, для классических коктейлей, изысканных аперитивов и миксдринков, а также для повседневной подачи воды и свежевыжатых соков.","in stock",999,new,"13,150.00 RUB",,https://bokalwina.ru/markthomas_double_bend_tumbler?editionuid=479848341942,https://static.tildacdn.com/stor3533-3832-4333-b636-646464616164/34940108.png,bokalwina.ru,450310660962,"Все\ бокалы",
296016787882,"Markthomas Double Bend Tumbler - 6 шт","Бокал MarkThomas Double Bend Tumbler Он с одинаковым изяществом подходит для благородного виски и бурбона, для классических коктейлей, изысканных аперитивов и миксдринков, а также для повседневной подачи воды и свежевыжатых соков.","in stock",999,new,"39,450.00 RUB",,https://bokalwina.ru/markthomas_double_bend_tumbler?editionuid=296016787882,https://static.tildacdn.com/stor3533-3832-4333-b636-646464616164/34940108.png,bokalwina.ru,450310660962,"Все\ бокалы",
962280343862,"Markthomas Double Bend White - 2 шт","Бокал MarkThomas Double Bend для белых вин— сосуд, созданный, чтобы поймать мимолетную свежесть молодого Шардоне, уловить аромат искристого Совиньон Блан и подчеркнуть изящество Рислинга.","in stock",999,new,"16,810.00 RUB",,https://bokalwina.ru/markthomas_double_bend_sweet_wine/tproduct/1027709971-210473926942-markthomas-double-bend-white?editionuid=962280343862,https://static.tildacdn.com/stor6632-6631-4530-a637-663738353032/71888915.png,bokalwina.ru,210473926942,"Все\ бокалы",
459753447742,"Markthomas Double Bend White - 6 шт (набор)","Бокал MarkThomas Double Bend для белых вин— сосуд, созданный, чтобы поймать мимолетную свежесть молодого Шардоне, уловить аромат искристого Совиньон Блан и подчеркнуть изящество Рислинга.","in stock",999,new,"48,380.00 RUB",,https://bokalwina.ru/markthomas_double_bend_sweet_wine/tproduct/1027709971-210473926942-markthomas-double-bend-white?editionuid=459753447742,https://static.tildacdn.com/stor6632-6631-4530-a637-663738353032/71888915.png,bokalwina.ru,210473926942,"Все\ бокалы",
329213726142,"Markthomas Double Bend Red Expression - 2 шт","Бокал MarkThomas Double Bend Red Expression - воплощение силы и элегантности. Его создавали для великих вин, способных покорять с первого глотка. Red Expression- это не просто бокал для красного вина, это ключ, открывающий душу каждого великого терруара.","in stock",999,new,"17,660.00 RUB",,https://bokalwina.ru/markthomas_double_bend_red_expression?editionuid=329213726142,https://static.tildacdn.com/stor6530-3234-4438-b333-376234306138/30356090.png,bokalwina.ru,510264789662,"Все\ бокалы",
925805692692,"Markthomas Double Bend Red Expression - 6 шт (набор)","Бокал MarkThomas Double Bend Red Expression - воплощение силы и элегантности. Его создавали для великих вин, способных покорять с первого глотка. Red Expression- это не просто бокал для красного вина, это ключ, открывающий душу каждого великого терруара.","in stock",999,new,"50,930.00 RUB",,https://bokalwina.ru/markthomas_double_bend_red_expression?editionuid=925805692692,https://static.tildacdn.com/stor6530-3234-4438-b333-376234306138/30356090.png,bokalwina.ru,510264789662,"Все\ бокалы",
292072728772,"Markthomas Double Bend Sweet Wine - 2 шт","Изящный сосуд созданный для самых богатых и многослойных вин. Его тюльпановидная форма, словно драгоценный ларец, бережно удерживает и концентрирует густые ароматы благородных Сотернов, солнечных Мадейр и терпких Портвейнов.","in stock",999,new,"16,500.00 RUB","15,960.00 RUB",https://bokalwina.ru/markthomas_double_bend_sweet_wine?editionuid=292072728772,https://static.tildacdn.com/stor3230-3333-4639-b831-346130613133/27373622.png,bokalwina.ru,865000928732,"Все\ бокалы",
687862297882,"Markthomas Double Bend Sweet Wine - 6 шт (набор)","Изящный сосуд созданный для самых богатых и многослойных вин. Его тюльпановидная форма, словно драгоценный ларец, бережно удерживает и концентрирует густые ароматы благородных Сотернов, солнечных Мадейр и терпких Портвейнов.","in stock",999,new,"47,000.00 RUB","45,840.00 RUB",https://bokalwina.ru/markthomas_double_bend_sweet_wine?editionuid=687862297882,https://static.tildacdn.com/stor3230-3333-4639-b831-346130613133/27373622.png,bokalwina.ru,865000928732,"Все\ бокалы",
172489346162,"Sydonios Terroir Empreinte - 2 шт","Идеален для шампанского и белых вин категории Grand Cru","in stock",999,new,"17,130.00 RUB",,https://bokalwina.ru/terroir_empreinte?editionuid=172489346162,https://static.tildacdn.com/stor3261-6133-4466-b233-393938323932/62636882.png,bokalwina.ru,475927985182,"Все\ бокалы",
760661197582,"Sydonios Terroir Empreinte - 6 шт (набор)","Идеален для шампанского и белых вин категории Grand Cru","in stock",999,new,"49,990.00 RUB",,https://bokalwina.ru/terroir_empreinte?editionuid=760661197582,https://static.tildacdn.com/stor3261-6133-4466-b233-393938323932/62636882.png,bokalwina.ru,475927985182,"Все\ бокалы",
511875063622,"Sydonios Terroir le Septentrional - 2 шт","Идеален для красных вин Бургундии и вин из сорта Пино нуар и Небиолло категории Grand Cru","in stock",999,new,"17,130.00 RUB",,https://bokalwina.ru/terroir_le_septentrional?editionuid=511875063622,https://static.tildacdn.com/stor3865-3164-4462-a534-393962623632/10691764.png,bokalwina.ru,402817793502,"Все\ бокалы",
622720137732,"Sydonios Terroir le Septentrional - 6 шт (набор)","Идеален для красных вин Бургундии и вин из сорта Пино нуар и Небиолло категории Grand Cru","in stock",999,new,"49,990.00 RUB",,https://bokalwina.ru/terroir_le_septentrional?editionuid=622720137732,https://static.tildacdn.com/stor3865-3164-4462-a534-393962623632/10691764.png,bokalwina.ru,402817793502,"Все\ бокалы",
762363508652,"Sydonios Terroir le Meridional - 2 шт","Идеален для насыщенных и танинных красных вин категории Grand Cru","in stock",999,new,"17,130.00 RUB",,https://bokalwina.ru/terroir_le_meridional?editionuid=762363508652,https://static.tildacdn.com/stor3061-6634-4535-b961-303464333635/18769282.png,bokalwina.ru,423381285382,"Все\ бокалы",
816580827502,"Sydonios Terroir le Meridional - 6 шт (набор)","Идеален для насыщенных и танинных красных вин категории Grand Cru","in stock",999,new,"49,990.00 RUB",,https://bokalwina.ru/terroir_le_meridional?editionuid=816580827502,https://static.tildacdn.com/stor3061-6634-4535-b961-303464333635/18769282.png,bokalwina.ru,423381285382,"Все\ бокалы",
490924863612,"Sydonios Terroir l’Esthete","Идеален для танинных и насыщенных красных вин","in stock",999,new,"11,990.00 RUB",,https://bokalwina.ru/terroir_lesthete,https://static.tildacdn.com/stor3838-3737-4932-b262-343962306638/95613144.png,bokalwina.ru,490924863612,"Все\ бокалы",
767609522802,"Sydonios Rasin L’Universel - 2 шт","Подходит для всех белых, игристых и сладких вин","in stock",999,new,"14,480.00 RUB",,https://bokalwina.ru/rasin_luniversel?editionuid=767609522802,https://static.tildacdn.com/stor3364-3137-4139-b664-356533303836/37897115.png,bokalwina.ru,169012346452,"Все\ бокалы",
200463170682,"Sydonios Rasin L’Universel - 6 шт (набор)","Подходит для всех белых, игристых и сладких вин","in stock",999,new,"42,120.00 RUB",,https://bokalwina.ru/rasin_luniversel?editionuid=200463170682,https://static.tildacdn.com/stor3364-3137-4139-b664-356533303836/37897115.png,bokalwina.ru,169012346452,"Все\ бокалы",
225568946022,"Sydonios Rasin L’Esthete - 2 шт","Идеально раскроет ваши красные выдержанные вина","in stock",999,new,"14,480.00 RUB",,https://bokalwina.ru/rasin_lesthete?editionuid=225568946022,https://static.tildacdn.com/stor3236-3233-4133-b662-373066316231/89061305.png,bokalwina.ru,741336470462,"Все\ бокалы",
299133303762,"Sydonios Rasin L’Esthete - 6 шт (набор)","Идеально раскроет ваши красные выдержанные вина","in stock",999,new,"42,120.00 RUB",,https://bokalwina.ru/rasin_lesthete?editionuid=299133303762,https://static.tildacdn.com/stor3236-3233-4133-b662-373066316231/89061305.png,bokalwina.ru,741336470462,"Все\ бокалы",
209286790042,"Sydonios Rasin Lе Subtil - 2 шт","Идеален для красных вин Бургундии и вин из сорта Пино нуар","in stock",999,new,"14,480.00 RUB",,https://bokalwina.ru/raisin_l_subtil?editionuid=209286790042,https://static.tildacdn.com/stor3538-6630-4165-a266-633331333034/95410226.png,bokalwina.ru,292056170132,"Все\ бокалы",
354409965052,"Sydonios Rasin Lе Subtil - 6 шт (набор)","Идеален для красных вин Бургундии и вин из сорта Пино нуар","in stock",999,new,"42,120.00 RUB",,https://bokalwina.ru/raisin_l_subtil?editionuid=354409965052,https://static.tildacdn.com/stor3538-6630-4165-a266-633331333034/95410226.png,bokalwina.ru,292056170132,"Все\ бокалы",
558391243222,"Sydonios l’Universel","Декантер для белых и легких красных вин","in stock",999,new,"11,990.00 RUB",,https://bokalwina.ru/rasin_luniversel_decanter,https://static.tildacdn.com/stor6238-6365-4332-a663-633438326336/93309274.png,bokalwina.ru,558391243222,"Все\ бокалы",
964473114932,"Spiegelau Weisswein - 2 шт","Бокал идеально подходит для молодых невыдержанных, для вин с хрустящей кислотностью, для розовых","in stock",999,new,"7,300.00 RUB",,https://bokalwina.ru/spiegelau_weisswein?editionuid=964473114932,https://static.tildacdn.com/stor3237-6638-4230-b666-653535666131/93044653.png,bokalwina.ru,432968399812,"Все\ бокалы",
710439951442,"Spiegelau Weisswein - 6 шт (набор)","Бокал идеально подходит для молодых невыдержанных, для вин с хрустящей кислотностью, для розовых","in stock",999,new,"21,900.00 RUB",,https://bokalwina.ru/spiegelau_weisswein?editionuid=710439951442,https://static.tildacdn.com/stor3237-6638-4230-b666-653535666131/93044653.png,bokalwina.ru,432968399812,"Все\ бокалы",
609205123792,"Spiegelau Bourgogne - 2 шт","Бокал для красных вин с умеренными танинами и достаточно высокой кислотностью","in stock",999,new,"7,300.00 RUB",,https://bokalwina.ru/spiegelau_bourgogne?editionuid=609205123792,https://static.tildacdn.com/stor3066-3235-4335-b436-613332383734/14394129.png,bokalwina.ru,537138219862,"Все\ бокалы",
876073775992,"Spiegelau Bourgogne - 6 шт (набор)","Бокал для красных вин с умеренными танинами и достаточно высокой кислотностью","in stock",999,new,"21,900.00 RUB",,https://bokalwina.ru/spiegelau_bourgogne?editionuid=876073775992,https://static.tildacdn.com/stor3066-3235-4335-b436-613332383734/14394129.png,bokalwina.ru,537138219862,"Все\ бокалы",
506723864242,"Spiegelau Universal - 2 шт","Правильная, классическая чаша бокалов подходит для подачи большинства минеральных белых вин, легких красных и выдержанных игристых.","in stock",999,new,"7,300.00 RUB",,https://bokalwina.ru/spiegelau_universal?editionuid=506723864242,https://static.tildacdn.com/stor3438-3436-4130-b561-633866356339/19946393.png,bokalwina.ru,713422965692,"Все\ бокалы",
879906177702,"Spiegelau Universal - 6 шт (набор)","Правильная, классическая чаша бокалов подходит для подачи большинства минеральных белых вин, легких красных и выдержанных игристых.","in stock",999,new,"21,900.00 RUB",,https://bokalwina.ru/spiegelau_universal?editionuid=879906177702,https://static.tildacdn.com/stor3438-3436-4130-b561-633866356339/19946393.png,bokalwina.ru,713422965692,"Все\ бокалы",
165736878462,"Spiegelau Champagne - 2 шт","Рекомендован для подачи всех типов шампанских и игристых вин","in stock",999,new,"7,300.00 RUB",,https://bokalwina.ru/spiegelau_champagne?editionuid=165736878462,https://static.tildacdn.com/stor6139-3836-4637-b865-646637646365/67072614.png,bokalwina.ru,527324558192,"Все\ бокалы",
373188113362,"Spiegelau Champagne - 6 шт (набор)","Рекомендован для подачи всех типов шампанских и игристых вин","in stock",999,new,"21,900.00 RUB",,https://bokalwina.ru/spiegelau_champagne?editionuid=373188113362,https://static.tildacdn.com/stor6139-3836-4637-b865-646637646365/67072614.png,bokalwina.ru,527324558192,"Все\ бокалы",
823556273262,"Spiegelau Bordeaux - 2 шт","В этом бокале великолепные вина Бордо могут полностью раскрыть свой потенциал. Классический бокал для полнотелых красных вин","in stock",999,new,"7,300.00 RUB",,https://bokalwina.ru/spiegelau_bordeaux?editionuid=823556273262,https://static.tildacdn.com/stor6637-6338-4730-a264-366331393664/20233772.png,bokalwina.ru,355897197582,"Все\ бокалы",
608569192822,"Spiegelau Bordeaux - 6 шт (набор)","В этом бокале великолепные вина Бордо могут полностью раскрыть свой потенциал. Классический бокал для полнотелых красных вин","in stock",999,new,"21,900.00 RUB",,https://bokalwina.ru/spiegelau_bordeaux?editionuid=608569192822,https://static.tildacdn.com/stor6637-6338-4730-a264-366331393664/20233772.png,bokalwina.ru,355897197582,"Все\ бокалы",
783504578942,"Spiegelau Tumbler","Небольшой бокал идеально подходит для подачи воды, свежих фруктовых напитков, соков и коктейлей со льдом.","in stock",999,new,"4,500.00 RUB",,https://bokalwina.ru/spiegelau_tumbler,https://static.tildacdn.com/stor3238-6636-4561-a466-623934353130/93373909.png,bokalwina.ru,783504578942,"Все\ бокалы",
386392824592,"Spiegelau Lifestyle для красных вин","Этот бокал с широкой чашей идеально раскрывает вино. Его форма помогает смягчить вкус и выпустить весь букет ароматов. Даже простое вино в таком бокале заиграет новыми оттенками, а выдержанные сорта покажут всю свою глубину. Просто налейте - и наслаждайтесь каждым глотком.","in stock",999,new,"4,500.00 RUB",,https://bokalwina.ru/spiegelau_lifestyle_wine,https://static.tildacdn.com/stor3163-3430-4538-b661-313532613963/80023982.png,bokalwina.ru,386392824592,"Все\ бокалы",
569184957382,"Spiegelau Lifestyle для коктейлей и игристых","В нем идеально смотрятся и игристые вина, и авторские коктейли. А благодаря широкой чаше в нем можно эффектно подавать десерты — от воздушных муссов до свежих фруктовых композиций.","in stock",999,new,"4,500.00 RUB",,https://bokalwina.ru/spiegelau_lifestyle_cocktail,https://static.tildacdn.com/stor3833-3232-4339-b037-663735353632/76217955.png,bokalwina.ru,569184957382,"Все\ бокалы",
737415150542,"Стопки для крепких напитков Vista Alegre Vynil","Вдохновением для роскошной и многогранной серии Vinyl послужил стиль ар-деко. Эти предметы перенесут в ваш дом изысканную атмосферу коктейль-баров 1930-х годов. Шот имеет свою уникальную форму и необычный дизайн.Коллекция создана из уникального хрусталя Atlantis, одного из лучших в своем классе. Особый состав придает ему исключительную чистоту, прозрачность и, что несвойственно для такого изящного материала, впечатляющую прочность с износостойкостью. Каждый предмет выдувают вручную опытные мастера Vista Alegre, а затем подвергают мягкой шлифовке, которая дарит поверхности роскошный глянец и безупречную гладкость.Сегодня посуду, бокалы и декор Vista Alegre изготавливают в Португалии по традиционным технологиям с элементами ручной работы — как и 200 лет назад.Комплектация:2 стопки. Объем каждой стопки 80 мл.","in stock",999,new,"20,000.00 RUB",,https://bokalwina.ru/stopki_dlya_vodki,https://static.tildacdn.com/stor6639-3263-4161-a234-323532306438/74f1402d661febc4e370d8cce9b6348f.png,bokalwina.ru,737415150542,"Все\ бокалы",
316426947932,"Стаканы для виски Nachtmann Highland - 4 шт","Подходят для виски, бурбона, скотча, рома, а также для различных коктейлей","in stock",999,new,"6,500.00 RUB","5,000.00 RUB",https://bokalwina.ru/highland?editionuid=316426947932,https://static.tildacdn.com/stor3134-3966-4033-a336-363137343433/45542947.png,bokalwina.ru,820590466562,"Все\ бокалы",
939414744252,"Набор для водки Artic Vista Alegre - 5 шт (набор)","Графин и 4 стопки. Португалия.","in stock",999,new,"63,000.00 RUB","59,900.00 RUB",https://bokalwina.ru/artic_vista_alegre?editionuid=939414744252,https://static.tildacdn.com/stor6163-3138-4532-b262-313163356235/8ebbf4f33f18435d5843e94666a3cc54.png,bokalwina.ru,888697853022,"Все\ бокалы",
601241375212,"Spiegelau Willsberger Anniversary - 4 шт","бокал для граппы, кальвадоса и других дижестивов.","in stock",999,new,"10,000.00 RUB",,https://bokalwina.ru/spiegelau_special_glasses?editionuid=601241375212,https://static.tildacdn.com/stor3631-3934-4462-b362-393636633066/22931822.webp,bokalwina.ru,720557876312,"Все\ бокалы",
994382042712,"Spiegelau Willsberger Anniversary - 4 шт","Бокал на низкой ножке для крепких напитков, позволяет раскрыть аромат и вкус бурбона, виски, кальвадоса. Бокал объемом 340 мл. имеет большую площадь, что позволяет интенсивно аэрироваться напитку.","in stock",999,new,"10,000.00 RUB",,https://bokalwina.ru/spiegelau_willsberger_anniversary?editionuid=994382042712,https://static.tildacdn.com/stor6464-3239-4438-b933-323065333831/47530565.png,bokalwina.ru,139262164732,"Все\ бокалы",
678168895042,"Lehmann Gob. Excellence стаканы для воды - 6 шт (набор)","Стакан из коллекции Signature A. Lallement. Прозрачное стекло, будто тающее в руке. Совершенно jкруглое, без единой грани — только мягкий изгиб, повторяющий движение воды. Ни метки, ни намёка на иное назначение — просто стакан.Для воды, для сока, для коктейлей.Тихий, нейтральный, вне времени.Ультратонкое стекло. Прозрачность. Прочность. Машинное производствоОбъем: 350млВысота: 95 мм","in stock",999,new,"6,000.00 RUB","5,500.00 RUB",https://bokalwina.ru/lehmann_gob_excellence___?editionuid=678168895042,https://static.tildacdn.com/stor3862-6163-4263-a331-373864313466/15066185.png,bokalwina.ru,768247313122,"Все\ бокалы",
939401205212,"Стаканы для виски Punk Nachtmann - 4 шт","Коллекция Punk от Nachtmann: смелый дизайн с безупречным качеством","in stock",999,new,"6,500.00 RUB",,https://bokalwina.ru/punk_nachtmann?editionuid=939401205212,https://static.tildacdn.com/stor3239-6464-4430-b734-646338373034/82610126.jpg,bokalwina.ru,505797071912,"Все\ бокалы",
518277460602,"Zalto Balance - 2 шт","Идеален для зрелых вин.Он создан для выдержанных красных и белых, выдержанных в бочке, а также для сложного игристого и шампанского с долгой выдержкой на осадке.","in stock",999,new,"15,500.00 RUB",,https://bokalwina.ru/zalto_balance?editionuid=518277460602,https://static.tildacdn.com/stor3064-6635-4739-a363-343462653836/f57fd3dc7200ca11c50e7abdfcec7b1d.png,bokalwina.ru,597199797182,Zalto,
753042710492,"Zalto Balance - 6 шт (набор)","Идеален для зрелых вин.Он создан для выдержанных красных и белых, выдержанных в бочке, а также для сложного игристого и шампанского с долгой выдержкой на осадке.","in stock",999,new,"46,500.00 RUB",,https://bokalwina.ru/zalto_balance?editionuid=753042710492,https://static.tildacdn.com/stor3064-6635-4739-a363-343462653836/f57fd3dc7200ca11c50e7abdfcec7b1d.png,bokalwina.ru,597199797182,Zalto,
422285340142,"Lehmann Sydney стаканы для виски и коктейлей","Авангард, влюблённый в гармонию.","in stock",999,new,"17,000.00 RUB",,https://bokalwina.ru/tproduct/2233332781-422285340142-lehmann-sydney-stakani-dlya-viski-i-kokt,https://static.tildacdn.com/stor6338-6665-4530-b333-656366303064/82b5836685fef40f5f921040632096f3.jpg,bokalwina.ru,422285340142,Lehmann,
265295859972,"Стаканы для виски Biarritz от Vista Alegre - 2 шт","Отблески Биаррица в ваших руках.","in stock",999,new,"15,500.00 RUB",,https://bokalwina.ru/lsa_international?editionuid=265295859972,https://static.tildacdn.com/stor6263-3838-4238-b739-616231346133/9d85548450cd92fef4ccb52ebdcbbb0f.jpg,bokalwina.ru,381289036542,"Все\ бокалы",
822723262512,"Стаканы для виски Shu Fa от Nachtmann - 4 шт","Там, где немецкое качество встречает восточную философию дизайна.","in stock",999,new,"6,500.00 RUB",,https://bokalwina.ru/453186370162/tproduct/2390750301-453186370162-stakani-dlya-viski-shu-fa-ot-nachtmann?editionuid=822723262512,https://static.tildacdn.com/stor3237-3865-4036-a532-323735313134/3be087a580c123a09d2ca7d48676db07.png,bokalwina.ru,453186370162,"Все\ бокалы",
